<annotation>
	<folder>images</folder>
	<filename>cast_def_0_688.jpeg</filename>
	<path>D:\bag\ml-635\casting\cast02\images\cast_def_0_688.jpeg</path>
	<source>
		<database>Unknown</database>
	</source>
	<size>
		<width>512</width>
		<height>512</height>
		<depth>1</depth>
	</size>
	<segmented>0</segmented>
	<object>
		<name>Void</name>
		<pose>Unspecified</pose>
		<truncated>0</truncated>
		<difficult>0</difficult>
		<bndbox>
			<xmin>364</xmin>
			<ymin>341</ymin>
			<xmax>387</xmax>
			<ymax>364</ymax>
		</bndbox>
	</object>
</annotation>
