<annotation>
	<folder>images</folder>
	<filename>cast_def_0_100.jpeg</filename>
	<path>D:\bag\ml-635\casting\cast02\images\cast_def_0_100.jpeg</path>
	<source>
		<database>Unknown</database>
	</source>
	<size>
		<width>512</width>
		<height>512</height>
		<depth>1</depth>
	</size>
	<segmented>0</segmented>
	<object>
		<name>Void</name>
		<pose>Unspecified</pose>
		<truncated>0</truncated>
		<difficult>0</difficult>
		<bndbox>
			<xmin>406</xmin>
			<ymin>197</ymin>
			<xmax>434</xmax>
			<ymax>225</ymax>
		</bndbox>
	</object>
	<object>
		<name>Void</name>
		<pose>Unspecified</pose>
		<truncated>0</truncated>
		<difficult>0</difficult>
		<bndbox>
			<xmin>90</xmin>
			<ymin>254</ymin>
			<xmax>116</xmax>
			<ymax>294</ymax>
		</bndbox>
	</object>
</annotation>
