<annotation>
	<folder>a</folder>
	<filename>cast_def_0_93.jpeg</filename>
	<path>C:\Users\dgleba\Downloads\casting\a\cast_def_0_93.jpeg</path>
	<source>
		<database>Unknown</database>
	</source>
	<size>
		<width>512</width>
		<height>512</height>
		<depth>1</depth>
	</size>
	<segmented>0</segmented>
	<object>
		<name>Void</name>
		<pose>Unspecified</pose>
		<truncated>0</truncated>
		<difficult>0</difficult>
		<bndbox>
			<xmin>430</xmin>
			<ymin>128</ymin>
			<xmax>460</xmax>
			<ymax>169</ymax>
		</bndbox>
	</object>
</annotation>
