<annotation>
	<folder>a</folder>
	<filename>cast_def_0_231.jpeg</filename>
	<path>C:\Users\dgleba\Downloads\casting\a\cast_def_0_231.jpeg</path>
	<source>
		<database>Unknown</database>
	</source>
	<size>
		<width>512</width>
		<height>512</height>
		<depth>1</depth>
	</size>
	<segmented>0</segmented>
	<object>
		<name>Void</name>
		<pose>Unspecified</pose>
		<truncated>0</truncated>
		<difficult>0</difficult>
		<bndbox>
			<xmin>75</xmin>
			<ymin>247</ymin>
			<xmax>91</xmax>
			<ymax>265</ymax>
		</bndbox>
	</object>
	<object>
		<name>Void</name>
		<pose>Unspecified</pose>
		<truncated>0</truncated>
		<difficult>0</difficult>
		<bndbox>
			<xmin>152</xmin>
			<ymin>362</ymin>
			<xmax>174</xmax>
			<ymax>375</ymax>
		</bndbox>
	</object>
</annotation>
