<annotation>
	<folder>rim_chips</folder>
	<filename>inner_rim_210805T104150.png</filename>
	<path>D:\6830_inner-rim\inner-rim_relabel\rim_chips\inner_rim_210805T104150.png</path>
	<source>
		<database>Unknown</database>
	</source>
	<size>
		<width>260</width>
		<height>7990</height>
		<depth>1</depth>
	</size>
	<segmented>0</segmented>
	<object>
		<name>Chip</name>
		<pose>Unspecified</pose>
		<truncated>1</truncated>
		<difficult>0</difficult>
		<bndbox>
			<xmin>1</xmin>
			<ymin>4018</ymin>
			<xmax>188</xmax>
			<ymax>4321</ymax>
		</bndbox>
	</object>
</annotation>
