<annotation>
	<folder>images</folder>
	<filename>cast_def_0_324.jpeg</filename>
	<path>D:\bag\ml-635\casting\cast02\images\cast_def_0_324.jpeg</path>
	<source>
		<database>Unknown</database>
	</source>
	<size>
		<width>512</width>
		<height>512</height>
		<depth>1</depth>
	</size>
	<segmented>0</segmented>
	<object>
		<name>Void</name>
		<pose>Unspecified</pose>
		<truncated>0</truncated>
		<difficult>0</difficult>
		<bndbox>
			<xmin>402</xmin>
			<ymin>252</ymin>
			<xmax>415</xmax>
			<ymax>274</ymax>
		</bndbox>
	</object>
	<object>
		<name>Void</name>
		<pose>Unspecified</pose>
		<truncated>0</truncated>
		<difficult>0</difficult>
		<bndbox>
			<xmin>328</xmin>
			<ymin>375</ymin>
			<xmax>343</xmax>
			<ymax>392</ymax>
		</bndbox>
	</object>
</annotation>
