<annotation>
	<folder>images</folder>
	<filename>cast_def_0_649.jpeg</filename>
	<path>D:\bag\ml-635\casting\cast02\images\cast_def_0_649.jpeg</path>
	<source>
		<database>Unknown</database>
	</source>
	<size>
		<width>0</width>
		<height>0</height>
		<depth>3</depth>
	</size>
	<segmented>0</segmented>
	<object>
		<name>Void</name>
		<pose>Unspecified</pose>
		<truncated>0</truncated>
		<difficult>0</difficult>
		<bndbox>
			<xmin>371</xmin>
			<ymin>310</ymin>
			<xmax>388</xmax>
			<ymax>341</ymax>
		</bndbox>
	</object>
</annotation>
